Ticker symbol;Security;SEC filings;GICS Sector;GICS Code;GICS Sub Industry;GICS Sub-Code;Address of Headquarters;Date first added;CIK
MMM;3M Company;reports;Industrials;20;Industrial Conglomerates;20105010;St. Paul, Minnesota;;66740
ABT;Abbott Laboratories;reports;Health Care;35;Health Care Equipment;35101010;North Chicago, Illinois;31.03.1964;1800
ABBV;AbbVie Inc.;reports;Health Care;35;Pharmaceuticals;35202010;North Chicago, Illinois;31.12.2012;1551152
ACN;Accenture plc;reports;Information Technology;45;IT Consulting & Other Services;45102010;Dublin, Ireland;06.07.2011;1467373
ATVI;Activision Blizzard;reports;Information Technology;45;Home Entertainment Software;45103030;Santa Monica, California;31.08.2015;718877
AYI;Acuity Brands Inc;reports;Industrials;20;Electrical Components & Equipment;20104010;Atlanta, Georgia;03.05.2016;1144215
ADBE;Adobe Systems Inc;reports;Information Technology;45;Application Software;45103010;San Jose, California;05.05.1997;796343
AMD;Advanced Micro Devices Inc;reports;Information Technology;45;Semiconductors;45301020;Sunnyvale, California;20.03.2017;2488
AAP;Advance Auto Parts;reports;Consumer Discretionary;25;Automotive Retail;25504050;Roanoke, Virginia;09.07.2015;1158449
AES;AES Corp;reports;Utilities;55;Independent Power Producers & Energy Traders;55105010;Arlington, Virginia;;874761
AET;Aetna Inc;reports;Health Care;35;Managed Health Care;35102030;Hartford, Connecticut;30.06.1976;1122304
AMG;Affiliated Managers Group Inc;reports;Financials;40;Asset Management & Custody Banks;40203010;Beverly, Massachusetts;01.07.2014;1004434
AFL;AFLAC Inc;reports;Financials;40;Life & Health Insurance;40301020;Columbus, Georgia;;4977
A;Agilent Technologies Inc;reports;Health Care;35;Health Care Equipment;35101010;Santa Clara, California;05.06.2000;1090872
APD;Air Products & Chemicals Inc;reports;Materials;15;Industrial Gases;15101040;Allentown, Pennsylvania;30.04.1985;2969
AKAM;Akamai Technologies Inc;reports;Information Technology;45;Internet Software & Services;45101010;Cambridge, Massachusetts;12.07.2007;1086222
ALK;Alaska Air Group Inc;reports;Industrials;20;Airlines;20302010;Seattle, Washington;13.05.2016;766421
ALB;Albemarle Corp;reports;Materials;15;Specialty Chemicals;15101050;Baton Rouge, Louisiana;01.07.2016;915913
ARE;Alexandria Real Estate Equities Inc;reports;Real Estate;60;Office REITs;60101040;Pasadena, California;20.03.2017;1035443
ALXN;Alexion Pharmaceuticals;reports;Health Care;35;Biotechnology;35201010;Cheshire, Connecticut;25.05.2012;899866
ALGN;Align Technology;reports;Health Care;35;Health Care Supplies;35101020;San Jose, California;19.06.2017;1097149
ALLE;Allegion;reports;Industrials;20;Building Products;20102010;Dublin, Ireland;02.12.2013;1579241
AGN;Allergan, Plc;reports;Health Care;35;Pharmaceuticals;35202010;Dublin, Ireland;;884629
ADS;Alliance Data Systems;reports;Information Technology;45;Data Processing & Outsourced Services;45102020;Plano, Texas;23.12.2013;1101215
LNT;Alliant Energy Corp;reports;Utilities;55;Electric Utilities;55101010;Madison, Wisconsin;01.07.2016;352541
ALL;Allstate Corp;reports;Financials;40;Property & Casualty Insurance;40301040;Northfield Township, Illinois;;899051
GOOGL;Alphabet Inc Class A;reports;Information Technology;45;Internet Software & Services;45101010;Mountain View, California;03.04.2014;1652044
GOOG;Alphabet Inc Class C;reports;Information Technology;45;Internet Software & Services;45101010;Mountain View, California;;1652044
MO;Altria Group Inc;reports;Consumer Staples;30;Tobacco;30203010;Richmond, Virginia;;764180
AMZN;Amazon.com Inc;reports;Consumer Discretionary;25;Internet & Direct Marketing Retail;25502020;Seattle, Washington;18.11.2005;1018724
AEE;Ameren Corp;reports;Utilities;55;Multi-Utilities;55103010;St. Louis, Missouri;19.09.1991;1002910
AAL;American Airlines Group;reports;Industrials;20;Airlines;20302010;Fort Worth, Texas;23.03.2015;6201
AEP;American Electric Power;reports;Utilities;55;Electric Utilities;55101010;Columbus, Ohio;;4904
AXP;American Express Co;reports;Financials;40;Consumer Finance;40202010;New York, New York;30.06.1976;4962
AIG;American International Group, Inc.;reports;Financials;40;Property & Casualty Insurance;40301040;New York, New York;31.03.1980;5272
AMT;American Tower Corp A;reports;Real Estate;60;Specialized REITs;60101080;Boston, Massachusetts;19.11.2007;1053507
AWK;American Water Works Company Inc;reports;Utilities;55;Water Utilities;55104010;Voorhees, New Jersey;04.03.2016;1410636
AMP;Ameriprise Financial;reports;Financials;40;Asset Management & Custody Banks;40203010;Minneapolis, Minnesota;03.10.2005;820027
ABC;AmerisourceBergen Corp;reports;Health Care;35;Health Care Distributors;35102010;Chesterbrook, Pennsylvania;30.08.2001;1140859
AME;AMETEK Inc;reports;Industrials;20;Electrical Components & Equipment;20104010;Berwyn, Pennsylvania;23.09.2013;1037868
AMGN;Amgen Inc;reports;Health Care;35;Biotechnology;35201010;Thousand Oaks, California;02.01.1992;318154
APH;Amphenol Corp;reports;Information Technology;45;Electronic Components;45203015;Wallingford, Connecticut;30.09.2008;820313
APC;Anadarko Petroleum Corp;reports;Energy;10;Oil & Gas Exploration & Production;10102020;The Woodlands, Texas;;773910
ADI;Analog Devices, Inc.;reports;Information Technology;45;Semiconductors;45301020;Norwood, Massachusetts;;6281
ANDV;Andeavor;reports;Energy;10;Oil & Gas Refining & Marketing;10102030;San Antonio, Texas;27.09.2007;50104
ANSS;ANSYS;reports;Information Technology;45;Application Software;45103010;Canonsburg, Pennsylvania;19.06.2017;1013462
ANTM;Anthem Inc.;reports;Health Care;35;Managed Health Care;35102030;Indianapolis, Indiana;;1156039
AON;Aon plc;reports;Financials;40;Insurance Brokers;40301010;London, United Kingdom;;315293
AOS;A.O. Smith Corp;reports;Industrials;20;Building Products;20102010;Milwaukee, Wisconsin;26.07.2017;91142
APA;Apache Corporation;reports;Energy;10;Oil & Gas Exploration & Production;10102020;Houston, Texas;;6769
AIV;Apartment Investment & Management;reports;Real Estate;60;Residential REITs;60101060;Denver, Colorado;;922864
AAPL;Apple Inc.;reports;Information Technology;45;Technology Hardware, Storage & Peripherals;45202030;Cupertino, California;30.11.1982;320193
AMAT;Applied Materials Inc;reports;Information Technology;45;Semiconductor Equipment;45301010;Santa Clara, California;;6951
APTV;Aptiv Plc;reports;Consumer Discretionary;25;Auto Parts & Equipment;25101010;Gillingham, Kent, United Kingdom;24.12.2012;1521332
ADM;Archer-Daniels-Midland Co;reports;Consumer Staples;30;Agricultural Products;30202010;Decatur, Illinois;29.07.1981;7084
ARNC;Arconic Inc;reports;Industrials;20;Aerospace & Defense;20101010;New York, New York;31.03.1964;4281
AJG;Arthur J. Gallagher & Co.;reports;Financials;40;Insurance Brokers;40301010;Itasca, Illinois;31.05.2016;354190
AIZ;Assurant Inc;reports;Financials;40;Multi-line Insurance;40301030;New York, New York;10.04.2007;1267238
T;AT&T Inc;reports;Telecommunication Services;50;Integrated Telecommunication Services;50101020;Dallas, Texas;30.11.1983;732717
ADSK;Autodesk Inc;reports;Information Technology;45;Application Software;45103010;San Rafael, California;01.12.1989;769397
ADP;Automatic Data Processing;reports;Information Technology;45;Internet Software & Services;45101010;Roseland, New Jersey;31.03.1981;8670
AZO;AutoZone Inc;reports;Consumer Discretionary;25;Specialty Stores;25504040;Memphis, Tennessee;;866787
AVB;AvalonBay Communities, Inc.;reports;Real Estate;60;Residential REITs;60101060;Arlington, Virginia[3];10.01.2007;915912
AVY;Avery Dennison Corp;reports;Materials;15;Paper Packaging;15103020;Glendale, California;31.12.1987;8818
BHGE;Baker Hughes, a GE Company;reports;Energy;10;Oil & Gas Equipment & Services;10101020;Houston, Texas;;1701605
BLL;Ball Corp;reports;Materials;15;Metal & Glass Containers;15103010;Broomfield, Colorado;31.10.1984;9389
BAC;Bank of America Corp;reports;Financials;40;Diversified Banks;40101010;Charlotte, North Carolina;30.06.1976;70858
BK;The Bank of New York Mellon Corp.;reports;Financials;40;Asset Management & Custody Banks;40203010;New York, New York;;1390777
BAX;Baxter International Inc.;reports;Health Care;35;Health Care Equipment;35101010;Deerfield, Illinois;30.09.1972;10456
BBT;BB&T Corporation;reports;Financials;40;Regional Banks;40101015;Winston-Salem, North Carolina;;92230
BDX;Becton Dickinson;reports;Health Care;35;Health Care Equipment;35101010;Franklin Lakes, New Jersey;30.09.1972;10795
BRK.B;Berkshire Hathaway;reports;Financials;40;Multi-Sector Holdings;40201030;Omaha, Nebraska;16.02.2010;1067983
BBY;Best Buy Co. Inc.;reports;Consumer Discretionary;25;Computer & Electronics Retail;25504020;Richfield, Minnesota;29.06.1999;764478
BIIB;Biogen Inc.;reports;Health Care;35;Biotechnology;35201010;Weston, Massachusetts;;875045
BLK;BlackRock;reports;Financials;40;Asset Management & Custody Banks;40203010;New York, New York;04.04.2011;1364742
HRB;Block H&R;reports;Financials;40;Consumer Finance;40202010;Kansas City, Missouri;30.11.1986;12659
BA;Boeing Company;reports;Industrials;20;Aerospace & Defense;20101010;Chicago, Illinois;;12927
BWA;BorgWarner;reports;Consumer Discretionary;25;Auto Parts & Equipment;25101010;Auburn Hills, Michigan;19.12.2011;908255
BXP;Boston Properties;reports;Real Estate;60;Office REITs;60101040;Boston, Massachusetts;03.04.2006;1037540
BSX;Boston Scientific;reports;Health Care;35;Health Care Equipment;35101010;Marlborough, Massachusetts[4];24.02.1995;885725
BHF;Brighthouse Financial Inc;reports;Financials;40;Life & Health Insurance;40301020;Charlotte, North Carolina;08.08.2017;1685040
BMY;Bristol-Myers Squibb;reports;Health Care;35;Health Care Distributors;35102010;New York, New York;;14272
AVGO;Broadcom;reports;Information Technology;45;Semiconductors;45301020;San Jose, California;08.05.2014;1441634
BF.B;Brown-Forman Corp.;reports;Consumer Staples;30;Distillers & Vintners;30201020;Louisville, Kentucky;31.10.1982;14693
CHRW;C. H. Robinson Worldwide;reports;Industrials;20;Air Freight & Logistics;20301010;Eden Prairie, Minnesota;02.03.2007;1043277
CA;CA, Inc.;reports;Information Technology;45;Systems Software;45103020;Islandia, New York;31.07.1987;356028
COG;Cabot Oil & Gas;reports;Energy;10;Oil & Gas Exploration & Production;10102020;Houston, Texas;23.06.2008;858470
CDNS;Cadence Design Systems;reports;Information Technology;45;Application Software;45103010;San Jose, California;18.09.2017;813672
CPB;Campbell Soup;reports;Consumer Staples;30;Packaged Foods & Meats;30202030;Camden, New Jersey;;16732
COF;Capital One Financial;reports;Financials;40;Consumer Finance;40202010;Tysons Corner, Virginia;;927628
CAH;Cardinal Health Inc.;reports;Health Care;35;Health Care Distributors;35102010;Dublin, Ohio;;721371
CBOE;CBOE Holdings;reports;Financials;40;Financial Exchanges & Data;40203040;Chicago, Illinois;01.03.2017;1374310
KMX;Carmax Inc;reports;Consumer Discretionary;25;Specialty Stores;25504040;Richmond, Virginia;28.06.2010;1170010
CCL;Carnival Corp.;reports;Consumer Discretionary;25;Hotels, Resorts & Cruise Lines;25301020;Miami, Florida;;815097
CAT;Caterpillar Inc.;reports;Industrials;20;Construction Machinery & Heavy Trucks;20106010;Peoria, Illinois;;18230
CBG;CBRE Group;reports;Real Estate;60;Real Estate Services;60102040;Los Angeles, California;10.11.2006;1138118
CBS;CBS Corp.;reports;Consumer Discretionary;25;Broadcasting;25401020;New York, New York;01.09.1994;813828
CELG;Celgene Corp.;reports;Health Care;35;Biotechnology;35201010;Summit, New Jersey;06.11.2006;816284
CNC;Centene Corporation;reports;Health Care;35;Managed Health Care;35102030;St Louis, Missouri;30.03.2016;1071739
CNP;CenterPoint Energy;reports;Utilities;55;Multi-Utilities;55103010;Houston, Texas;31.07.1985;1130310
CTL;CenturyLink Inc;reports;Telecommunication Services;50;Integrated Telecommunication Services;50101020;Monroe, Louisiana;;18926
CERN;Cerner;reports;Health Care;35;Health Care Technology;35103010;North Kansas City, Missouri;30.04.2010;804753
CF;CF Industries Holdings Inc;reports;Materials;15;Fertilizers & Agricultural Chemicals;15101030;Deerfield, Illinois;27.08.2008;1324404
SCHW;Charles Schwab Corporation;reports;Financials;40;Investment Banking & Brokerage;40203020;San Francisco, California;;316709
CHTR;Charter Communications;reports;Consumer Discretionary;25;Cable & Satellite;25401025;Stamford, Connecticut;08.09.2016;1091667
CHK;Chesapeake Energy;reports;Energy;10;Oil & Gas Exploration & Production;10102020;Oklahoma City, Oklahoma;;895126
CVX;Chevron Corp.;reports;Energy;10;Integrated Oil & Gas;10102010;San Ramon, California;;93410
CMG;Chipotle Mexican Grill;reports;Consumer Discretionary;25;Restaurants;25301040;Denver, Colorado;28.04.2011;1058090
CB;Chubb Limited;reports;Financials;40;Property & Casualty Insurance;40301040;Zurich, Switzerland;15.07.2010;896159
CHD;Church & Dwight;reports;Consumer Staples;30;Household Products;30301010;Ewing, New Jersey;29.12.2015;313927
CI;CIGNA Corp.;reports;Health Care;35;Managed Health Care;35102030;Philadelphia, Pennsylvania;30.06.1976;701221
XEC;Cimarex Energy;reports;Energy;10;Oil & Gas Exploration & Production;10102020;Denver, Colorado;21.06.2014;1168054
CINF;Cincinnati Financial;reports;Financials;40;Property & Casualty Insurance;40301040;Fairfield, Ohio;;20286
CTAS;Cintas Corporation;reports;Industrials;20;Diversified Support Services;20201070;Mason, Ohio;01.03.2001;723254
CSCO;Cisco Systems;reports;Information Technology;45;Communications Equipment;45201020;San Jose, California;01.12.1993;858877
C;Citigroup Inc.;reports;Financials;40;Diversified Banks;40101010;New York, New York;31.05.1988;831001
CFG;Citizens Financial Group;reports;Financials;40;Regional Banks;40101015;Providence, Rhode Island;29.01.2016;759944
CTXS;Citrix Systems;reports;Information Technology;45;Internet Software & Services;45101010;Fort Lauderdale, Florida;;877890
CLX;The Clorox Company;reports;Consumer Staples;30;Household Products;30301010;Oakland, California;31.03.1969;21076
CME;CME Group Inc.;reports;Financials;40;Financial Exchanges & Data;40203040;Chicago, Illinois;;1156375
CMS;CMS Energy;reports;Utilities;55;Multi-Utilities;55103010;Jackson, Michigan;;811156
KO;Coca-Cola Company (The);reports;Consumer Staples;30;Soft Drinks;30201030;Atlanta, Georgia;;21344
CTSH;Cognizant Technology Solutions;reports;Information Technology;45;IT Consulting & Other Services;45102010;Teaneck, New Jersey;17.11.2006;1058290
CL;Colgate-Palmolive;reports;Consumer Staples;30;Household Products;30301010;New York, New York;;21665
CMCSA;Comcast Corp.;reports;Consumer Discretionary;25;Cable & Satellite;25401025;Philadelphia, Pennsylvania;18.09.2015;1166691
CMA;Comerica Inc.;reports;Financials;40;Diversified Banks;40101010;Dallas, Texas;;28412
CAG;Conagra Brands;reports;Consumer Staples;30;Packaged Foods & Meats;30202030;Chicago, Illinois;31.08.1983;23217
CXO;Concho Resources;reports;Energy;10;Oil & Gas Exploration & Production;10102020;Midland, Texas;22.02.2016;1358071
COP;ConocoPhillips;reports;Energy;10;Oil & Gas Exploration & Production;10102020;Houston, Texas;;1163165
ED;Consolidated Edison;reports;Utilities;55;Electric Utilities;55101010;New York, New York;;1047862
STZ;Constellation Brands;reports;Consumer Staples;30;Distillers & Vintners;30201020;Victor, New York;05.07.2005;16918
COO;The Cooper Companies;reports;Health Care;35;Health Care Supplies;35101020;Pleasanton, California;23.09.2016;711404
GLW;Corning Inc.;reports;Information Technology;45;Electronic Components;45203015;Corning, New York;;24741
COST;Costco Wholesale Corp.;reports;Consumer Staples;30;Hypermarkets & Super Centers;30101040;Issaquah, Washington;01.10.1993;909832
COTY;Coty, Inc;reports;Consumer Staples;30;Personal Products;30302010;New York, New York;03.10.2016;1024305
CCI;Crown Castle International Corp.;reports;Real Estate;60;Specialized REITs;60101080;Houston, Texas;14.03.2012;1051470
CSRA;CSRA Inc.;reports;Information Technology;45;IT Consulting & Other Services;45102010;Falls Church, Virginia;01.12.2015;1646383
CSX;CSX Corp.;reports;Industrials;20;Railroads;20304010;Jacksonville, Florida;30.09.1967;277948
CMI;Cummins Inc.;reports;Industrials;20;Industrial Machinery;20106020;Columbus, Indiana;31.03.1965;26172
CVS;CVS Health;reports;Consumer Staples;30;Drug Retail;30101010;Woonsocket, Rhode Island;;64803
DHI;D. R. Horton;reports;Consumer Discretionary;25;Homebuilding;25201030;Fort Worth, Texas;;882184
DHR;Danaher Corp.;reports;Health Care;35;Health Care Equipment;35101010;Washington, D.C.;;313616
DRI;Darden Restaurants;reports;Consumer Discretionary;25;Restaurants;25301040;Orlando, Florida;;940944
DVA;DaVita Inc.;reports;Health Care;35;Health Care Facilities;35102020;Denver, Colorado;31.07.2008;927066
DE;Deere & Co.;reports;Industrials;20;Agricultural & Farm Machinery;20106015;Moline, Illinois;;315189
DAL;Delta Air Lines Inc.;reports;Industrials;20;Airlines;20302010;Atlanta, Georgia;11.09.2013;27904
XRAY;Dentsply Sirona;reports;Health Care;35;Health Care Supplies;35101020;York, Pennsylvania;14.11.2008;818479
DVN;Devon Energy Corp.;reports;Energy;10;Oil & Gas Exploration & Production;10102020;Oklahoma City, Oklahoma;30.08.2000;1090012
DLR;Digital Realty Trust Inc;reports;Real Estate;60;Specialized REITs;60101080;San Francisco, California;18.05.2016;1297996
DFS;Discover Financial Services;reports;Financials;40;Consumer Finance;40202010;Riverwoods, Illinois;02.07.2007;1393612
DISCA;Discovery Communications-A;reports;Consumer Discretionary;25;Cable & Satellite;25401025;Silver Spring, Maryland;01.03.2010;1437107
DISCK;Discovery Communications-C;reports;Consumer Discretionary;25;Cable & Satellite;25401025;Silver Spring, Maryland;07.08.2014;1437107
DISH;Dish Network;reports;Consumer Discretionary;25;Cable & Satellite;25401025;Meridian, Colorado;13.03.2017;1001082
DG;Dollar General;reports;Consumer Discretionary;25;General Merchandise Stores;25503020;Goodlettsville, Tennessee;03.12.2012;29534
DLTR;Dollar Tree;reports;Consumer Discretionary;25;General Merchandise Stores;25503020;Chesapeake, Virginia;19.12.2011;935703
D;Dominion Energy;reports;Utilities;55;Electric Utilities;55101010;Richmond, Virginia;;715957
DOV;Dover Corp.;reports;Industrials;20;Industrial Machinery;20106020;Downers Grove, Illinois;31.10.1985;29905
DWDP;DowDuPont;reports;Materials;15;Diversified Chemicals;15101020;Midland, Michigan;;1666700
DPS;Dr Pepper Snapple Group;reports;Consumer Staples;30;Soft Drinks;30201030;Plano, Texas;07.10.2008;1418135
DTE;DTE Energy Co.;reports;Utilities;55;Multi-Utilities;55103010;Detroit, Michigan;;936340
DRE;Duke Realty Corp;reports;Real Estate;60;Industrial REITs;60101020;Indianapolis, Indiana;26.07.2017;783280
DUK;Duke Energy;reports;Utilities;55;Electric Utilities;55101010;Charlotte, North Carolina;30.06.1976;1326160
DXC;DXC Technology;reports;Information Technology;45;IT Consulting & Other Services;45102010;Tysons Corner, Virginia;04.04.2017;1688568
ETFC;E*Trade;reports;Financials;40;Investment Banking & Brokerage;40203020;New York, New York;31.03.2004;1015780
EMN;Eastman Chemical;reports;Materials;15;Diversified Chemicals;15101020;Kingsport, Tennessee;01.01.1994;915389
ETN;Eaton Corporation;reports;Industrials;20;Electrical Components & Equipment;20104010;Dublin, Ireland;;1551182
EBAY;eBay Inc.;reports;Information Technology;45;Internet Software & Services;45101010;San Jose, California;;1065088
ECL;Ecolab Inc.;reports;Materials;15;Specialty Chemicals;15101050;St. Paul, Minnesota;31.01.1989;31462
EIX;Edison Int'l;reports;Utilities;55;Electric Utilities;55101010;Rosemead, California;;827052
EW;Edwards Lifesciences;reports;Health Care;35;Health Care Equipment;35101010;Irvine, California;01.04.2011;1099800
EA;Electronic Arts;reports;Information Technology;45;Home Entertainment Software;45103030;Redwood City, California;22.07.2002;712515
EMR;Emerson Electric Company;reports;Industrials;20;Electrical Components & Equipment;20104010;Ferguson, Missouri;31.03.1965;32604
ETR;Entergy Corp.;reports;Utilities;55;Electric Utilities;55101010;New Orleans, Louisiana;;65984
EVHC;Envision Healthcare;reports;Health Care;35;Health Care Services;35102015;Nashville, Tennessee;02.12.2016;895930
EOG;EOG Resources;reports;Energy;10;Oil & Gas Exploration & Production;10102020;Houston, Texas;02.11.2000;821189
EQT;EQT Corporation;reports;Energy;10;Oil & Gas Exploration & Production;10102020;Pittsburgh, Pennsylvania;19.12.2008;33213
EFX;Equifax Inc.;reports;Industrials;20;Research & Consulting Services;20202020;Atlanta, Georgia;19.06.1997;33185
EQIX;Equinix;reports;Real Estate;60;Specialized REITs;60101080;Redwood City, California;20.03.2015;1101239
EQR;Equity Residential;reports;Real Estate;60;Residential REITs;60101060;Chicago, Illinois;03.12.2001;906107
ESS;Essex Property Trust, Inc.;reports;Real Estate;60;Residential REITs;60101060;Palo Alto, California;02.04.2014;920522
EL;Estee Lauder Cos.;reports;Consumer Staples;30;Personal Products;30302010;New York, New York;05.01.2006;1001250
ES;Eversource Energy;reports;Utilities;55;Multi-Utilities;55103010;Springfield, Massachusetts;;72741
RE;Everest Re Group Ltd.;reports;Financials;40;Reinsurance;40301050;Hamilton, Bermuda;19.06.2017;1095073
EXC;Exelon Corp.;reports;Utilities;55;Multi-Utilities;55103010;Chicago, Illinois;;1109357
EXPE;Expedia Inc.;reports;Consumer Discretionary;25;Internet & Direct Marketing Retail;25502020;Bellevue, Washington;02.10.2007;1324424
EXPD;Expeditors International;reports;Industrials;20;Air Freight & Logistics;20301010;Seattle, Washington;10.10.2007;746515
ESRX;Express Scripts;reports;Health Care;35;Health Care Distributors;35102010;Cool Valley, Missouri;25.09.2003;1532063
EXR;Extra Space Storage;reports;Real Estate;60;Specialized REITs;60101080;Salt Lake City, Utah;19.01.2016;1289490
XOM;Exxon Mobil Corp.;reports;Energy;10;Integrated Oil & Gas;10102010;Irving, Texas;;34088
FFIV;F5 Networks;reports;Information Technology;45;Communications Equipment;45201020;Seattle, Washington;20.12.2010;1048695
FB;Facebook, Inc.;reports;Information Technology;45;Internet Software & Services;45101010;Menlo Park, California;23.12.2013;1326801
FAST;Fastenal Co;reports;Industrials;20;Building Products;20102010;Winona, Minnesota;15.09.2009;815556
FRT;Federal Realty Investment Trust;reports;Real Estate;60;Retail REITs;60101070;Rockville, Maryland;01.02.2016;34903
FDX;FedEx Corporation;reports;Industrials;20;Air Freight & Logistics;20301010;Memphis, Tennessee;31.12.1980;1048911
FIS;Fidelity National Information Services;reports;Information Technology;45;Internet Software & Services;45101010;Jacksonville, Florida;10.11.2006;1136893
FITB;Fifth Third Bancorp;reports;Financials;40;Regional Banks;40101015;Cincinnati, Ohio;;35527
FE;FirstEnergy Corp;reports;Utilities;55;Electric Utilities;55101010;Akron, Ohio;;1031296
FISV;Fiserv Inc;reports;Information Technology;45;Internet Software & Services;45101010;Brookfield, Wisconsin;02.04.2001;798354
FLIR;FLIR Systems;reports;Information Technology;45;Electronic Equipment & Instruments;45203010;Wilsonville, Oregon;02.01.2009;354908
FLS;Flowserve Corporation;reports;Industrials;20;Industrial Machinery;20106020;Irving, Texas;02.10.2008;30625
FLR;Fluor Corp.;reports;Industrials;20;Construction & Engineering;20103010;Irving, Texas;31.03.1980;1124198
FMC;FMC Corporation;reports;Materials;15;Fertilizers & Agricultural Chemicals;15101030;Philadelphia, Pennsylvania;19.08.2009;37785
FL;Foot Locker Inc;reports;Consumer Discretionary;25;Apparel Retail;25504010;New York, New York;04.04.2016;850209
F;Ford Motor;reports;Consumer Discretionary;25;Automobile Manufacturers;25102010;Dearborn, Michigan;;37996
FTV;Fortive Corp;reports;Industrials;20;Industrial Machinery;20106020;Everett, Washington;01.07.2016;1659166
FBHS;Fortune Brands Home & Security;reports;Industrials;20;Building Products;20102010;Deerfield, Illinois;22.06.2016;1519751
BEN;Franklin Resources;reports;Financials;40;Asset Management & Custody Banks;40203010;San Mateo, California;;38777
FCX;Freeport-McMoRan Inc.;reports;Materials;15;Copper;15104025;Phoenix, Arizona;;831259
GPS;Gap Inc.;reports;Consumer Discretionary;25;Apparel Retail;25504010;San Francisco, California;31.08.1986;39911
GRMN;Garmin Ltd.;reports;Consumer Discretionary;25;Consumer Electronics;25201010;Schaffhausen, Switzerland;12.12.2012;1121788
IT;Gartner Inc;reports;Information Technology;45;IT Consulting & Other Services;45102010;Stamford, Connecticut;05.04.2017;749251
GD;General Dynamics;reports;Industrials;20;Aerospace & Defense;20101010;Falls Church, Virginia;;40533
GE;General Electric;reports;Industrials;20;Industrial Conglomerates;20105010;Boston, Massachusetts;;40545
GGP;General Growth Properties Inc.;reports;Real Estate;60;Retail REITs;60101070;Chicago, Illinois;10.12.2013;895648
GIS;General Mills;reports;Consumer Staples;30;Packaged Foods & Meats;30202030;Golden Valley, Minnesota;31.03.1969;40704
GM;General Motors;reports;Consumer Discretionary;25;Automobile Manufacturers;25102010;Detroit, Michigan;06.06.2013;1467858
GPC;Genuine Parts;reports;Consumer Discretionary;25;Specialty Stores;25504040;Atlanta, Georgia;31.12.1973;40987
GILD;Gilead Sciences;reports;Health Care;35;Biotechnology;35201010;Foster City, California;01.07.2004;882095
GPN;Global Payments Inc.;reports;Information Technology;45;Data Processing & Outsourced Services;45102020;Atlanta, Georgia;25.04.2016;1123360
GS;Goldman Sachs Group;reports;Financials;40;Investment Banking & Brokerage;40203020;New York, New York;22.07.2002;886982
GT;Goodyear Tire & Rubber;reports;Consumer Discretionary;25;Tires & Rubber;25101020;Akron, Ohio;;42582
GWW;Grainger (W.W.) Inc.;reports;Industrials;20;Industrial Machinery;20106020;Lake Forest, Illinois;30.06.1981;277135
HAL;Halliburton Co.;reports;Energy;10;Oil & Gas Equipment & Services;10101020;Houston, Texas;;45012
HBI;Hanesbrands Inc;reports;Consumer Discretionary;25;Apparel, Accessories & Luxury Goods;25203010;Winston-Salem, North Carolina;20.03.2015;1359841
HOG;Harley-Davidson;reports;Consumer Discretionary;25;Motorcycle Manufacturers;25102020;Milwaukee, Wisconsin;;793952
HRS;Harris Corporation;reports;Information Technology;45;Communications Equipment;45201020;Melbourne, Florida;22.09.2008;202058
HIG;Hartford Financial Svc.Gp.;reports;Financials;40;Property & Casualty Insurance;40301040;Hartford, Connecticut;;874766
HAS;Hasbro Inc.;reports;Consumer Discretionary;25;Leisure Products;25202010;Pawtucket, Rhode Island;30.09.1984;46080
HCA;HCA Holdings;reports;Health Care;35;Health Care Facilities;35102020;Nashville, Tennessee;27.01.2015;860730
HCP;HCP Inc.;reports;Real Estate;60;Health Care REITs;60101050;Long Beach, California;31.03.2008;765880
HP;Helmerich & Payne;reports;Energy;10;Oil & Gas Drilling;10101010;Tulsa, Oklahoma[5];01.03.2010;46765
HSIC;Henry Schein;reports;Health Care;35;Health Care Distributors;35102010;Melville, New York;17.03.2015;1000228
HSY;The Hershey Company;reports;Consumer Staples;30;Packaged Foods & Meats;30202030;Hershey, Pennsylvania;;47111
HES;Hess Corporation;reports;Energy;10;Integrated Oil & Gas;10102010;New York, New York;31.05.1984;4447
HPE;Hewlett Packard Enterprise;reports;Information Technology;45;Technology Hardware, Storage & Peripherals;45202030;Palo Alto, California;02.11.2015;1645590
HLT;Hilton Worldwide Holdings Inc;reports;Consumer Discretionary;25;Hotels, Resorts & Cruise Lines;25301020;Tysons Corner, Virginia;19.06.2017;1585689
HOLX;Hologic;reports;Health Care;35;Health Care Equipment;35101010;Marlborough, Massachusetts;30.03.2016;859737
HD;Home Depot;reports;Consumer Discretionary;25;Home Improvement Retail;25504030;Atlanta, Georgia;31.03.1988;354950
HON;Honeywell Int'l Inc.;reports;Industrials;20;Industrial Conglomerates;20105010;Morristown, New Jersey;31.03.1964;773840
HRL;Hormel Foods Corp.;reports;Consumer Staples;30;Packaged Foods & Meats;30202030;Austin, Minnesota;04.03.2009;48465
HST;Host Hotels & Resorts;reports;Real Estate;60;Hotel & Resort REITs;60101030;Bethesda, Maryland;20.03.2007;1070750
HPQ;HP Inc.;reports;Information Technology;45;Technology Hardware, Storage & Peripherals;45202030;Palo Alto, California;31.12.1974;47217
HUM;Humana Inc.;reports;Health Care;35;Managed Health Care;35102030;Louisville, Kentucky;;49071
HBAN;Huntington Bancshares;reports;Financials;40;Regional Banks;40101015;Columbus, Ohio;;49196
HII;Huntington Ingalls Industries;reports;Industrials;20;Aerospace & Defense;20101010;Newport News, Virginia;03.01.2018;1501585
IDXX;IDEXX Laboratories;reports;Health Care;35;Health Care Equipment;35101010;Westbrook, Maine;05.01.2017;874716
INFO;IHS Markit Ltd.;reports;Industrials;20;Research & Consulting Services;20202020;London, United Kingdom;02.06.2017;1598014
ITW;Illinois Tool Works;reports;Industrials;20;Industrial Machinery;20106020;Glenview, Illinois;28.02.1986;49826
ILMN;Illumina Inc;reports;Health Care;35;Life Sciences Tools & Services;35203010;San Diego, California;19.11.2015;1110803
IR;Ingersoll-Rand PLC;reports;Industrials;20;Industrial Machinery;20106020;Dublin, Ireland;17.11.2010;1466258
INTC;Intel Corp.;reports;Information Technology;45;Semiconductors;45301020;Santa Clara, California;31.12.1976;50863
ICE;Intercontinental Exchange;reports;Financials;40;Financial Exchanges & Data;40203040;Atlanta, Georgia;26.09.2007;1571949
IBM;International Business Machines;reports;Information Technology;45;IT Consulting & Other Services;45102010;Armonk, New York;;51143
INCY;Incyte;reports;Health Care;35;Biotechnology;35201010;Wilmington, Delaware;28.02.2017;879169
IP;International Paper;reports;Materials;15;Paper Packaging;15103020;Memphis, Tennessee;;51434
IPG;Interpublic Group;reports;Consumer Discretionary;25;Advertising;25401010;New York, New York;01.10.1992;51644
IFF;Intl Flavors & Fragrances;reports;Materials;15;Specialty Chemicals;15101050;New York, New York;31.03.1976;51253
INTU;Intuit Inc.;reports;Information Technology;45;Internet Software & Services;45101010;Mountain View, California;05.12.2000;896878
ISRG;Intuitive Surgical Inc.;reports;Health Care;35;Health Care Equipment;35101010;Sunnyvale, California;02.06.2008;1035267
IVZ;Invesco Ltd.;reports;Financials;40;Asset Management & Custody Banks;40203010;Atlanta, Georgia;21.08.2008;914208
IQV;IQVIA Holdings Inc.;reports;Health Care;35;Life Sciences Tools & Service;#NV;Durham, North Carolina;29.08.2017;1478242
IRM;Iron Mountain Incorporated;reports;Real Estate;60;Specialized REITs;60101080;Boston, Massachusetts;06.01.2009;1020569
JEC;Jacobs Engineering Group;reports;Industrials;20;Construction & Engineering;20103010;Pasadena, California;26.10.2007;52988
JBHT;J. B. Hunt Transport Services;reports;Industrials;20;Trucking;20304020;Lowell, Arkansas;01.07.2015;728535
SJM;JM Smucker;reports;Consumer Staples;30;Packaged Foods & Meats;30202030;Orrville, Ohio;06.11.2008;91419
JNJ;Johnson & Johnson;reports;Health Care;35;Health Care Equipment;35101010;New Brunswick, New Jersey;30.06.1973;200406
JCI;Johnson Controls International;reports;Industrials;20;Building Products;20102010;Cork, Ireland;27.08.2010;833444
JPM;JPMorgan Chase & Co.;reports;Financials;40;Diversified Banks;40101010;New York, New York;30.06.1975;19617
JNPR;Juniper Networks;reports;Information Technology;45;Communications Equipment;45201020;Sunnyvale, California;;1043604
KSU;Kansas City Southern;reports;Industrials;20;Railroads;20304010;Kansas City, Missouri;24.05.2013;54480
K;Kellogg Co.;reports;Consumer Staples;30;Packaged Foods & Meats;30202030;Battle Creek, Michigan;;55067
KEY;KeyCorp;reports;Financials;40;Regional Banks;40101015;Cleveland, Ohio;01.03.1994;91576
KMB;Kimberly-Clark;reports;Consumer Staples;30;Household Products;30301010;Irving, Texas;;55785
KIM;Kimco Realty;reports;Real Estate;60;Retail REITs;60101070;New Hyde Park, New York;04.04.2006;879101
KMI;Kinder Morgan;reports;Energy;10;Oil & Gas Storage & Transportation;10102040;Houston, Texas;25.05.2012;1506307
KLAC;KLA-Tencor Corp.;reports;Information Technology;45;Semiconductor Equipment;45301010;Milpitas, California;;319201
KSS;Kohl's Corp.;reports;Consumer Discretionary;25;General Merchandise Stores;25503020;Menomonee Falls, Wisconsin;;885639
KHC;Kraft Heinz Co;reports;Consumer Staples;30;Packaged Foods & Meats;30202030;Pittsburgh, Pennsylvania;06.07.2015;1637459
KR;Kroger Co.;reports;Consumer Staples;30;Food Retail;30101030;Cincinnati, Ohio;;56873
LB;L Brands Inc.;reports;Consumer Discretionary;25;Apparel Retail;25504010;Columbus, Ohio;30.09.1983;701985
LLL;L-3 Communications Holdings;reports;Industrials;20;Aerospace & Defense;20101010;New York, New York;;1056239
LH;Laboratory Corp. of America Holding;reports;Health Care;35;Health Care Services;35102015;Burlington, North Carolina;01.11.2004;920148
LRCX;Lam Research;reports;Information Technology;45;Semiconductor Equipment;45301010;Fremont, California;29.06.2012;707549
LEG;Leggett & Platt;reports;Consumer Discretionary;25;Home Furnishings;25201020;Carthage, Missouri;;58492
LEN;Lennar Corp.;reports;Consumer Discretionary;25;Homebuilding;25201030;Miami, Florida;04.10.2005;920760
LUK;Leucadia National Corp.;reports;Financials;40;Multi-Sector Holdings;40201030;New York, New York;27.08.2007;96223
LLY;Lilly (Eli) & Co.;reports;Health Care;35;Pharmaceuticals;35202010;Indianapolis, Indiana;31.12.1970;59478
LNC;Lincoln National;reports;Financials;40;Multi-line Insurance;40301030;Radnor, Pennsylvania;30.06.1976;59558
LKQ;LKQ Corporation;reports;Consumer Discretionary;25;Distributors;25501010;Chicago, Illinois;23.05.2016;1065696
LMT;Lockheed Martin Corp.;reports;Industrials;20;Aerospace & Defense;20101010;Bethesda, Maryland;31.07.1984;936468
L;Loews Corp.;reports;Financials;40;Multi-line Insurance;40301030;New York, New York;;60086
LOW;Lowe's Cos.;reports;Consumer Discretionary;25;Home Improvement Retail;25504030;Mooresville, North Carolina;29.02.1984;60667
LYB;LyondellBasell;reports;Materials;15;Specialty Chemicals;15101050;Rotterdam, Netherlands;05.09.2012;1489393
MTB;M&T Bank Corp.;reports;Financials;40;Regional Banks;40101015;Buffalo, New York;;36270
MAC;Macerich;reports;Real Estate;60;Retail REITs;60101070;Santa Monica, California;09.05.2013;912242
M;Macy's Inc.;reports;Consumer Discretionary;25;Department Stores;25503010;Cincinnati, Ohio;;794367
MRO;Marathon Oil Corp.;reports;Energy;10;Oil & Gas Exploration & Production;10102020;Houston, Texas;01.05.1991;101778
MPC;Marathon Petroleum;reports;Energy;10;Oil & Gas Refining & Marketing;10102030;Findlay, Ohio;01.07.2011;1510295
MAR;Marriott Int'l.;reports;Consumer Discretionary;25;Hotels, Resorts & Cruise Lines;25301020;Bethesda, Maryland;;1048286
MMC;Marsh & McLennan;reports;Financials;40;Insurance Brokers;40301010;New York, New York;31.08.1987;62709
MLM;Martin Marietta Materials;reports;Materials;15;Construction Materials;15102010;Raleigh, North Carolina;02.07.2014;916076
MAS;Masco Corp.;reports;Industrials;20;Building Products;20102010;Taylor, Michigan;30.06.1981;62996
MA;Mastercard Inc.;reports;Information Technology;45;Internet Software & Services;45101010;Harrison, New York;18.07.2008;1141391
MAT;Mattel Inc.;reports;Consumer Discretionary;25;Leisure Products;25202010;El Segundo, California;31.03.1982;63276
MKC;McCormick & Co.;reports;Consumer Staples;30;Packaged Foods & Meats;30202030;Sparks, Maryland;;63754
MCD;McDonald's Corp.;reports;Consumer Discretionary;25;Restaurants;25301040;Oak Brook, Illinois;30.06.1970;63908
MCK;McKesson Corp.;reports;Health Care;35;Health Care Distributors;35102010;San Francisco, California;;927653
MDT;Medtronic plc;reports;Health Care;35;Health Care Equipment;35101010;Dublin, Ireland;31.10.1986;64670
MRK;Merck & Co.;reports;Health Care;35;Pharmaceuticals;35202010;Whitehouse Station, New Jersey;;310158
MET;MetLife Inc.;reports;Financials;40;Life & Health Insurance;40301020;New York, New York;;1099219
MTD;Mettler Toledo;reports;Health Care;35;Life Sciences Tools & Services;35203010;Columbus, Ohio;06.09.2016;1037646
MGM;MGM Resorts International;reports;Consumer Discretionary;25;Casinos & Gaming;25301010;Paradise, Nevada;26.07.2017;789570
KORS;Michael Kors Holdings;reports;Consumer Discretionary;25;Apparel, Accessories & Luxury Goods;25203010;New York, New York;13.11.2013;1530721
MCHP;Microchip Technology;reports;Information Technology;45;Semiconductors;45301020;Chandler, Arizona;07.09.2007;827054
MU;Micron Technology;reports;Information Technology;45;Semiconductors;45301020;Boise, Idaho;27.09.1994;723125
MSFT;Microsoft Corp.;reports;Information Technology;45;Systems Software;45103020;Redmond, Washington;01.06.1994;789019
MAA;Mid-America Apartments;reports;Real Estate;60;Residential REITs;60101060;Memphis, Tennessee;02.12.2016;912595
MHK;Mohawk Industries;reports;Consumer Discretionary;25;Home Furnishings;25201020;Amsterdam, New York;23.12.2013;851968
TAP;Molson Coors Brewing Company;reports;Consumer Staples;30;Brewers;30201010;Denver, Colorado;30.06.1976;24545
MDLZ;Mondelez International;reports;Consumer Staples;30;Packaged Foods & Meats;30202030;Northfield, Illinois;02.10.2012;1103982
MON;Monsanto Co.;reports;Materials;15;Fertilizers & Agricultural Chemicals;15101030;Creve Coeur, Missouri;07.08.2002;1110783
MNST;Monster Beverage;reports;Consumer Staples;30;Soft Drinks;30201030;Corona, California;28.06.2012;865752
MCO;Moody's Corp;reports;Financials;40;Financial Exchanges & Data;40203040;New York, New York;;1059556
MS;Morgan Stanley;reports;Financials;40;Investment Banking & Brokerage;40203020;New York, New York;;895421
MOS;The Mosaic Company;reports;Materials;15;Fertilizers & Agricultural Chemicals;15101030;Plymouth, Minnesota;26.09.2011;1285785
MSI;Motorola Solutions Inc.;reports;Information Technology;45;Communications Equipment;45201020;Schaumburg, Illinois;;68505
MYL;Mylan N.V.;reports;Health Care;35;Pharmaceuticals;35202010;Amsterdam, Netherlands;23.04.2004;69499
NDAQ;Nasdaq, Inc.;reports;Financials;40;Financial Exchanges & Data;40203040;New York, New York;22.10.2008;1120193
NOV;National Oilwell Varco Inc.;reports;Energy;10;Oil & Gas Equipment & Services;10101020;Houston, Texas;14.03.2005;1021860
NAVI;Navient;reports;Financials;40;Consumer Finance;40202010;Wilmington, Delaware;01.05.2014;1593538
NTAP;NetApp;reports;Information Technology;45;Internet Software & Services;45101010;Sunnyvale, California;25.06.1999;1002047
NFLX;Netflix Inc.;reports;Information Technology;45;Internet Software & Services;45101010;Los Gatos, California;20.12.2010;1065280
NWL;Newell Brands;reports;Consumer Discretionary;25;Housewares & Specialties;25201050;Sandy Springs, Georgia;30.04.1989;814453
NFX;Newfield Exploration Co;reports;Energy;10;Oil & Gas Exploration & Production;10102020;Houston, Texas;20.12.2010;912750
NEM;Newmont Mining Corporation;reports;Materials;15;Gold;15104030;Denver, Colorado;30.06.1969;1164727
NWSA;News Corp. Class A;reports;Consumer Discretionary;25;Publishing;25401040;New York, New York;01.08.2013;1564708
NWS;News Corp. Class B;reports;Consumer Discretionary;25;Publishing;25401040;New York, New York;18.09.2015;1564708
NEE;NextEra Energy;reports;Utilities;55;Multi-Utilities;55103010;Juno Beach, Florida;30.06.1976;753308
NLSN;Nielsen Holdings;reports;Industrials;20;Research & Consulting Services;20202020;New York, New York;09.07.2013;1492633
NKE;Nike;reports;Consumer Discretionary;25;Apparel, Accessories & Luxury Goods;25203010;Washington County, Oregon;30.11.1988;320187
NI;NiSource Inc.;reports;Utilities;55;Multi-Utilities;55103010;Merrillville, Indiana;;1111711
NBL;Noble Energy Inc;reports;Energy;10;Oil & Gas Exploration & Production;10102020;Houston, Texas;08.10.2007;72207
JWN;Nordstrom;reports;Consumer Discretionary;25;Department Stores;25503010;Seattle, Washington;31.08.1986;72333
NSC;Norfolk Southern Corp.;reports;Industrials;20;Railroads;20304010;Norfolk, Virginia;;702165
NTRS;Northern Trust Corp.;reports;Financials;40;Asset Management & Custody Banks;40203010;Chicago, Illinois;;73124
NOC;Northrop Grumman Corp.;reports;Industrials;20;Aerospace & Defense;20101010;West Falls Church, Virginia;30.06.1985;1133421
NCLH;Norwegian Cruise Line;reports;Consumer Discretionary;25;Hotels, Resorts & Cruise Lines;25301020;Miami, Florida;13.10.2017;1513761
NRG;NRG Energy;reports;Utilities;55;Independent Power Producers & Energy Traders;55105010;Princeton, New Jersey;29.01.2010;1013871
NUE;Nucor Corp.;reports;Materials;15;Steel;15104050;Charlotte, North Carolina;30.04.1985;73309
NVDA;Nvidia Corporation;reports;Information Technology;45;Semiconductors;45301020;Santa Clara, California;30.11.2001;1045810
ORLY;O'Reilly Automotive;reports;Consumer Discretionary;25;Specialty Stores;25504040;Springfield, Missouri;27.03.2009;898173
OXY;Occidental Petroleum;reports;Energy;10;Oil & Gas Exploration & Production;10102020;Los Angeles, California;31.12.1982;797468
OMC;Omnicom Group;reports;Consumer Discretionary;25;Advertising;25401010;New York, New York;;29989
OKE;ONEOK;reports;Energy;10;Oil & Gas Storage & Transportation;10102040;Tulsa, Oklahoma;15.03.2010;1039684
ORCL;Oracle Corp.;reports;Information Technology;45;Application Software;45103010;Redwood Shores, California;31.08.1989;1341439
PCAR;PACCAR Inc.;reports;Industrials;20;Construction Machinery & Heavy Trucks;20106010;Bellevue, Washington;31.12.1980;75362
PKG;Packaging Corporation of America;reports;Materials;15;Paper Packaging;15103020;Lake Forest, Illinois;26.07.2017;75677
PH;Parker-Hannifin;reports;Industrials;20;Industrial Machinery;20106020;Cleveland, Ohio;30.11.1985;76334
PDCO;Patterson Companies;reports;Health Care;35;Health Care Supplies;35101020;St. Paul, Minnesota;11.10.2005;891024
PAYX;Paychex Inc.;reports;Information Technology;45;Internet Software & Services;45101010;Penfield, New York;;723531
PYPL;PayPal;reports;Information Technology;45;Data Processing & Outsourced Services;45102020;San Jose, California;20.07.2015;1633917
PNR;Pentair Ltd.;reports;Industrials;20;Industrial Machinery;20106020;Worsley, UK;01.10.2012;77360
PBCT;People's United Financial;reports;Financials;40;Thrifts & Mortgage Finance;40102010;Bridgeport, Connecticut;13.11.2008;1378946
PEP;PepsiCo Inc.;reports;Consumer Staples;30;Soft Drinks;30201030;Purchase, New York;;77476
PKI;PerkinElmer;reports;Health Care;35;Health Care Equipment;35101010;Waltham, Massachusetts;31.05.1985;31791
PRGO;Perrigo;reports;Health Care;35;Pharmaceuticals;35202010;Dublin, Ireland;19.12.2011;1585364
PFE;Pfizer Inc.;reports;Health Care;35;Pharmaceuticals;35202010;New York, New York;;78003
PCG;PG&E Corp.;reports;Utilities;55;Multi-Utilities;55103010;San Francisco, California;;1004980
PM;Philip Morris International;reports;Consumer Staples;30;Tobacco;30203010;New York, New York;31.03.2008;1413329
PSX;Phillips 66;reports;Energy;10;Oil & Gas Refining & Marketing;10102030;Houston, Texas;01.05.2012;1534701
PNW;Pinnacle West Capital;reports;Utilities;55;Multi-Utilities;55103010;Phoenix, Arizona;;764622
PXD;Pioneer Natural Resources;reports;Energy;10;Oil & Gas Exploration & Production;10102020;Irving, Texas;24.09.2008;1038357
PNC;PNC Financial Services;reports;Financials;40;Regional Banks;40101015;Pittsburgh, Pennsylvania;30.04.1988;713676
RL;Polo Ralph Lauren Corp.;reports;Consumer Discretionary;25;Apparel, Accessories & Luxury Goods;25203010;New York, New York;02.02.2007;1037038
PPG;PPG Industries;reports;Materials;15;Specialty Chemicals;15101050;Pittsburgh, Pennsylvania;;79879
PPL;PPL Corp.;reports;Utilities;55;Electric Utilities;55101010;Allentown, Pennsylvania;;922224
PX;Praxair Inc.;reports;Materials;15;Industrial Gases;15101040;Danbury, Connecticut;01.07.1992;884905
PCLN;Priceline.com Inc;reports;Consumer Discretionary;25;Internet & Direct Marketing Retail;25502020;Norwalk, Connecticut;06.11.2009;1075531
PFG;Principal Financial Group;reports;Financials;40;Life & Health Insurance;40301020;Des Moines, Iowa;22.07.2002;1126328
PG;Procter & Gamble;reports;Consumer Staples;30;Personal Products;30302010;Cincinnati, Ohio;;80424
PGR;Progressive Corp.;reports;Financials;40;Property & Casualty Insurance;40301040;Mayfield Village, Ohio;04.08.1997;80661
PLD;Prologis;reports;Real Estate;60;Industrial REITs;60101020;San Francisco, California;17.07.2003;1045609
PRU;Prudential Financial;reports;Financials;40;Life & Health Insurance;40301020;Newark, New Jersey;22.07.2002;1137774
PEG;Public Serv. Enterprise Inc.;reports;Utilities;55;Electric Utilities;55101010;Newark, New Jersey;;788784
PSA;Public Storage;reports;Real Estate;60;Specialized REITs;60101080;Glendale, California;19.08.2005;1393311
PHM;Pulte Homes Inc.;reports;Consumer Discretionary;25;Homebuilding;25201030;Atlanta, Georgia;30.04.1984;822416
PVH;PVH Corp.;reports;Consumer Discretionary;25;Apparel, Accessories & Luxury Goods;25203010;New York, New York;15.02.2013;78239
QRVO;Qorvo;reports;Information Technology;45;Semiconductors;45301020;Greensboro, North Carolina;11.06.2015;1604778
PWR;Quanta Services Inc.;reports;Industrials;20;Construction & Engineering;20103010;Houston, Texas;01.07.2009;1050915
QCOM;QUALCOMM Inc.;reports;Information Technology;45;Semiconductors;45301020;San Diego, California;;804328
DGX;Quest Diagnostics;reports;Health Care;35;Health Care Services;35102015;Madison, New Jersey;12.12.2002;1022079
RRC;Range Resources Corp.;reports;Energy;10;Oil & Gas Exploration & Production;10102020;Fort Worth, Texas;21.12.2007;315852
RJF;Raymond James Financial Inc.;reports;Financials;40;Investment Banking & Brokerage;40203020;St. Petersburg, Florida;20.03.2017;720005
RTN;Raytheon Co.;reports;Industrials;20;Aerospace & Defense;20101010;Waltham, Massachusetts;;1047122
O;Realty Income Corporation;reports;Real Estate;60;Retail REITs;60101070;San Diego, California;07.04.2015;726728
RHT;Red Hat Inc.;reports;Information Technology;45;Systems Software;45103020;Raleigh, North Carolina;27.07.2009;1087423
REG;Regency Centers Corporation;reports;Real Estate;60;Retail REITs;60101070;Jacksonville, Florida;02.03.2017;910606
REGN;Regeneron;reports;Health Care;35;Biotechnology;35201010;Tarrytown, New York;01.05.2013;872589
RF;Regions Financial Corp.;reports;Financials;40;Regional Banks;40101015;Birmingham, Alabama;28.08.1998;1281761
RSG;Republic Services Inc;reports;Industrials;20;Environmental & Facilities Services;20201050;Phoenix, Arizona;05.12.2008;1060391
RMD;ResMed;reports;Health Care;35;Health Care Equipment;35101010;San Diego, California;26.07.2017;943819
RHI;Robert Half International;reports;Industrials;20;Human Resource & Employment Services;20202010;Menlo Park, California;05.12.2000;315213
ROK;Rockwell Automation Inc.;reports;Industrials;20;Electrical Components & Equipment;20104010;Milwaukee, Wisconsin;;1024478
COL;Rockwell Collins;reports;Industrials;20;Aerospace & Defense;20101010;Cedar Rapids, Iowa;02.07.2001;1137411
ROP;Roper Technologies;reports;Industrials;20;Industrial Conglomerates;20105010;Sarasota, Florida;23.12.2009;882835
ROST;Ross Stores;reports;Consumer Discretionary;25;Apparel Retail;25504010;Pleasanton, California;21.12.2009;745732
RCL;Royal Caribbean Cruises Ltd;reports;Consumer Discretionary;25;Hotels, Resorts & Cruise Lines;25301020;Miami, Florida;05.12.2014;884887
CRM;Salesforce.com;reports;Information Technology;45;Internet Software & Services;45101010;San Francisco, California;15.09.2008;1108524
SBAC;SBA Communications;reports;Real Estate;60;Specialized REITs;60101080;Boca Raton, Florida;01.09.2017;1034054
SCG;SCANA Corp;reports;Utilities;55;Multi-Utilities;55103010;Cayce, South Carolina;02.01.2009;754737
SLB;Schlumberger Ltd.;reports;Energy;10;Oil & Gas Equipment & Services;10101020;Curaçao, Kingdom of the Netherlands;31.03.1965;87347
SNI;Scripps Networks Interactive Inc.;reports;Consumer Discretionary;25;Cable & Satellite;25401025;Cincinnati, Ohio;01.07.2008;1430602
STX;Seagate Technology;reports;Information Technology;45;Technology Hardware, Storage & Peripherals;45202030;Dublin, Ireland;02.07.2012;1137789
SEE;Sealed Air;reports;Materials;15;Paper Packaging;15103020;Elmwood Park, New Jersey;;1012100
SRE;Sempra Energy;reports;Utilities;55;Multi-Utilities;55103010;San Diego, California;;1032208
SHW;Sherwin-Williams;reports;Materials;15;Specialty Chemicals;15101050;Cleveland, Ohio;30.06.1964;89800
SIG;Signet Jewelers;reports;Consumer Discretionary;25;Specialty Stores;25504040;Hamilton, Bermuda;29.07.2015;832988
SPG;Simon Property Group Inc;reports;Real Estate;60;Retail REITs;60101070;Indianapolis, Indiana;26.06.2002;1063761
SWKS;Skyworks Solutions;reports;Information Technology;45;Semiconductors;45301020;Woburn, Massachusetts;12.03.2015;4127
SLG;SL Green Realty;reports;Real Estate;60;Office REITs;60101040;New York, New York;20.03.2015;1040971
SNA;Snap-On Inc.;reports;Consumer Discretionary;25;Household Appliances;25201040;Kenosha, Wisconsin;30.09.1982;91440
SO;Southern Co.;reports;Utilities;55;Electric Utilities;55101010;Atlanta, Georgia;;92122
LUV;Southwest Airlines;reports;Industrials;20;Airlines;20302010;Dallas, Texas;01.07.1994;92380
SPGI;S&P Global, Inc.;reports;Financials;40;Financial Exchanges & Data;40203040;New York, New York;;64040
SWK;Stanley Black & Decker;reports;Consumer Discretionary;25;Household Appliances;25201040;New Britain, Connecticut;30.09.1982;93556
SBUX;Starbucks Corp.;reports;Consumer Discretionary;25;Restaurants;25301040;Seattle, Washington;;829224
STT;State Street Corp.;reports;Financials;40;Asset Management & Custody Banks;40203010;Boston, Massachusetts;;93751
SRCL;Stericycle Inc;reports;Industrials;20;Environmental & Facilities Services;20201050;Lake Forest, Illinois;19.11.2008;861878
SYK;Stryker Corp.;reports;Health Care;35;Health Care Equipment;35101010;Kalamazoo, Michigan;12.12.2000;310764
STI;SunTrust Banks;reports;Financials;40;Regional Banks;40101015;Atlanta, Georgia;31.05.1988;750556
SYMC;Symantec Corp.;reports;Information Technology;45;Application Software;45103010;Mountain View, California;25.03.2003;849399
SYF;Synchrony Financial;reports;Financials;40;Consumer Finance;40202010;Stamford, Connecticut;18.11.2015;1601712
SNPS;Synopsys Inc.;reports;Information Technology;45;Application Software;45103010;Mountain View, California;16.03.2017;883241
SYY;Sysco Corp.;reports;Consumer Staples;30;Food Distributors;30101020;Houston, Texas;31.12.1986;96021
TROW;T. Rowe Price Group;reports;Financials;40;Asset Management & Custody Banks;40203010;Baltimore, Maryland;;1113169
TPR;Tapestry, Inc.;reports;Consumer Discretionary;25;Apparel, Accessories & Luxury Goods;25203010;New York, New York;;1116132
TGT;Target Corp.;reports;Consumer Discretionary;25;General Merchandise Stores;25503020;Minneapolis, Minnesota;31.12.1976;27419
TEL;TE Connectivity Ltd.;reports;Information Technology;45;Electronic Manufacturing Services;45203020;Schaffhausen, Switzerland;17.10.2011;1385157
FTI;TechnipFMC;reports;Energy;10;Oil & Gas Equipment & Services;10101020;London, United Kingdom;05.06.2009;1681459
TXN;Texas Instruments;reports;Information Technology;45;Semiconductors;45301020;Dallas, Texas;;97476
TXT;Textron Inc.;reports;Industrials;20;Aerospace & Defense;20101010;Providence, Rhode Island;31.12.1978;217346
TMO;Thermo Fisher Scientific;reports;Health Care;35;Health Care Equipment;35101010;Waltham, Massachusetts;;97745
TIF;Tiffany & Co.;reports;Consumer Discretionary;25;Apparel, Accessories & Luxury Goods;25203010;New York, New York;21.06.2000;98246
TWX;Time Warner Inc.;reports;Consumer Discretionary;25;Cable & Satellite;25401025;New York, New York;;1105705
TJX;TJX Companies Inc.;reports;Consumer Discretionary;25;Apparel Retail;25504010;Framingham, Massachusetts;30.09.1985;109198
TMK;Torchmark Corp.;reports;Financials;40;Life & Health Insurance;40301020;McKinney, Texas;30.04.1989;320335
TSS;Total System Services;reports;Information Technology;45;Internet Software & Services;45101010;Columbus, Georgia;02.01.2008;721683
TSCO;Tractor Supply Company;reports;Consumer Discretionary;25;Specialty Stores;25504040;Brentwood, Tennessee;24.01.2014;916365
TDG;TransDigm Group;reports;Industrials;20;Aerospace & Defense;20101010;Cleveland, Ohio;03.06.2016;1260221
TRV;The Travelers Companies Inc.;reports;Financials;40;Property & Casualty Insurance;40301040;New York, New York;21.08.2002;86312
TRIP;TripAdvisor;reports;Consumer Discretionary;25;Internet & Direct Marketing Retail;25502020;Newton, Massachusetts;21.12.2011;1526520
FOXA;Twenty-First Century Fox Class A;reports;Consumer Discretionary;25;Publishing;25401040;New York, New York;01.07.2013;1308161
FOX;Twenty-First Century Fox Class B;reports;Consumer Discretionary;25;Publishing;25401040;New York, New York;18.09.2015;1308161
TSN;Tyson Foods;reports;Consumer Staples;30;Packaged Foods & Meats;30202030;Springdale, Arkansas;;100493
UDR;UDR Inc;reports;Real Estate;60;Residential REITs;60101060;Highlands Ranch, Colorado;07.03.2016;74208
ULTA;Ulta Salon Cosmetics & Fragrance Inc;reports;Consumer Discretionary;25;Specialty Stores;25504040;Bolingbrook, Illinois;18.04.2016;1403568
USB;U.S. Bancorp;reports;Financials;40;Diversified Banks;40101010;Minneapolis, Minnesota;;36104
UA;Under Armour Class C;reports;Consumer Discretionary;25;Apparel, Accessories & Luxury Goods;25203010;Baltimore, Maryland;01.05.2014;1336917
UAA;Under Armour Class A;reports;Consumer Discretionary;25;Apparel, Accessories & Luxury Goods;25203010;Baltimore, Maryland;25.03.2016;1336917
UNP;Union Pacific;reports;Industrials;20;Railroads;20304010;Omaha, Nebraska;;100885
UAL;United Continental Holdings;reports;Industrials;20;Airlines;20302010;Chicago, Illinois;03.09.2015;100517
UNH;United Health Group Inc.;reports;Health Care;35;Managed Health Care;35102030;Minnetonka, Minnesota;01.07.1994;731766
UPS;United Parcel Service;reports;Industrials;20;Air Freight & Logistics;20301010;Atlanta, Georgia;22.07.2002;1090727
URI;United Rentals, Inc.;reports;Industrials;20;Trading Companies & Distributors;20107010;Stamford, Connecticut;20.09.2014;1067701
UTX;United Technologies;reports;Industrials;20;Aerospace & Defense;20101010;Hartford, Connecticut;;101829
UHS;Universal Health Services, Inc.;reports;Health Care;35;Health Care Facilities;35102020;King of Prussia, Pennsylvania;20.09.2014;352915
UNM;Unum Group;reports;Financials;40;Life & Health Insurance;40301020;Chattanooga, Tennessee;01.03.1994;5513
VFC;V.F. Corp.;reports;Consumer Discretionary;25;Apparel, Accessories & Luxury Goods;25203010;Greensboro, North Carolina;30.06.1979;103379
VLO;Valero Energy;reports;Energy;10;Oil & Gas Refining & Marketing;10102030;San Antonio, Texas;;1035002
VAR;Varian Medical Systems;reports;Health Care;35;Health Care Equipment;35101010;Palo Alto, California;12.02.2007;203527
VTR;Ventas Inc;reports;Real Estate;60;Health Care REITs;60101050;Chicago, Illinois;04.03.2009;740260
VRSN;Verisign Inc.;reports;Information Technology;45;Internet Software & Services;45101010;Dulles, Virginia;01.02.2006;1014473
VRSK;Verisk Analytics;reports;Industrials;20;Research & Consulting Services;20202020;Jersey City, New Jersey;08.10.2015;1442145
VZ;Verizon Communications;reports;Telecommunication Services;50;Integrated Telecommunication Services;50101020;New York, New York;30.11.1983;732712
VRTX;Vertex Pharmaceuticals Inc;reports;Health Care;35;Biotechnology;35201010;Cambridge, Massachusetts;23.09.2013;875320
VIAB;Viacom Inc.;reports;Consumer Discretionary;25;Cable & Satellite;25401025;New York, New York;;1339947
V;Visa Inc.;reports;Information Technology;45;Internet Software & Services;45101010;San Francisco, California;21.12.2009;1403161
VNO;Vornado Realty Trust;reports;Real Estate;60;Office REITs;60101040;New York, New York;;899689
VMC;Vulcan Materials;reports;Materials;15;Construction Materials;15102010;Birmingham, Alabama;30.06.1999;1396009
WMT;Wal-Mart Stores;reports;Consumer Staples;30;Hypermarkets & Super Centers;30101040;Bentonville, Arkansas;31.08.1982;104169
WBA;Walgreens Boots Alliance;reports;Consumer Staples;30;Drug Retail;30101010;Deerfield, Illinois;31.12.1979;1618921
DIS;The Walt Disney Company;reports;Consumer Discretionary;25;Cable & Satellite;25401025;Burbank, California;30.06.1976;1001039
WM;Waste Management Inc.;reports;Industrials;20;Environmental & Facilities Services;20201050;Houston, Texas;;823768
WAT;Waters Corporation;reports;Health Care;35;Health Care Distributors;35102010;Milford, Massachusetts;;1000697
WEC;Wec Energy Group Inc;reports;Utilities;55;Electric Utilities;55101010;Milwaukee, Wisconsin;31.10.2008;783325
WFC;Wells Fargo;reports;Financials;40;Diversified Banks;40101010;San Francisco, California;30.06.1976;72971
HCN;Welltower Inc.;reports;Real Estate;60;Health Care REITs;60101050;Toledo, Ohio;30.01.2009;766704
WDC;Western Digital;reports;Information Technology;45;Technology Hardware, Storage & Peripherals;45202030;Irvine, California;01.07.2009;106040
WU;Western Union Co;reports;Information Technology;45;Internet Software & Services;45101010;Englewood, Colorado;;1365135
WRK;WestRock Company;reports;Materials;15;Paper Packaging;15103020;Richmond, Virginia;;1636023
WY;Weyerhaeuser Corp.;reports;Real Estate;60;Specialized REITs;60101080;Federal Way, Washington;;106535
WHR;Whirlpool Corp.;reports;Consumer Discretionary;25;Household Appliances;25201040;Benton Harbor, Michigan;;106640
WMB;Williams Cos.;reports;Energy;10;Oil & Gas Storage & Transportation;10102040;Tulsa, Oklahoma;31.03.1975;107263
WLTW;Willis Towers Watson;reports;Financials;40;Insurance Brokers;40301010;London, United Kingdom;05.01.2016;1140536
WYN;Wyndham Worldwide;reports;Consumer Discretionary;25;Hotels, Resorts & Cruise Lines;25301020;Parsippany, New Jersey;;1361658
WYNN;Wynn Resorts Ltd;reports;Consumer Discretionary;25;Casinos & Gaming;25301010;Paradise, Nevada;14.11.2008;1174922
XEL;Xcel Energy Inc;reports;Utilities;55;Multi-Utilities;55103010;Minneapolis, Minnesota;;72903
XRX;Xerox Corp.;reports;Information Technology;45;Technology Hardware, Storage & Peripherals;45202030;Norwalk, Connecticut;;108772
XLNX;Xilinx Inc;reports;Information Technology;45;Semiconductors;45301020;San Jose, California;08.11.1999;743988
XL;XL Capital;reports;Financials;40;Property & Casualty Insurance;40301040;Hamilton, Bermuda;;875159
XYL;Xylem Inc.;reports;Industrials;20;Industrial Machinery;20106020;White Plains, New York;01.11.2011;1524472
YUM;Yum! Brands Inc;reports;Consumer Discretionary;25;Restaurants;25301040;Louisville, Kentucky;06.10.1997;1041061
ZBH;Zimmer Biomet Holdings;reports;Health Care;35;Health Care Equipment;35101010;Warsaw, Indiana;07.08.2001;1136869
ZION;Zions Bancorp;reports;Financials;40;Regional Banks;40101015;Salt Lake City, Utah;;109380
ZTS;Zoetis;reports;Health Care;35;Pharmaceuticals;35202010;Florham Park, New Jersey;21.06.2013;1555280
